ProducID,Color,Image
OCSUPREME,Amber Red Orange,http://www.owenscorning.com/NetworkShare/Roofing/Images/ForOC-Carousel-Supreme-Amber-620x388.jpg
OCSUPREME,Aspen Gray,http://www.owenscorning.com/NetworkShare/Roofing/Images/ForOC-Carousel-Supreme-AspenGray-620x388.jpg
OCSUPREME,Autumn Brown,http://www.owenscorning.com/NetworkShare/Roofing/Images/ForOC-Carousel-Supreme-AutumnBrown-620x388.jpg
OCSUPREME,Brownwood,http://www.owenscorning.com/NetworkShare/Roofing/Images/ForOC-Carousel-Supreme-Brownwood-620x388.jpg
OCSUPREME,Chapel Gray,http://www.reesewholesale.com/media/catalog/product/cache/1/image/4f0d09c9239870df37349d7e75a4d576/c/h/chapelgray_thumbnail_enlarged_1.jpg
OCSUPREME,Desert Tan,http://www.owenscorning.com/NetworkShare/Roofing/Images/ForOC-Carousel-Supreme-DesertTan-620x388.jpg
OCSUPREME,Driftwood,http://www.owenscorning.com/NetworkShare/Roofing/Images/ForOC-Carousel-Supreme-Driftwood-620x388.jpg
OCSUPREME,Estate Gray,http://www.owenscorning.com/NetworkShare/Roofing/Images/ForOC-Carousel-Supreme-EstateGray-620x388.jpg
OCSUPREME,Onyx Black,http://www.owenscorning.com/NetworkShare/Roofing/Images/ForOC-Carousel-Supreme-OnyxBlack-620x388.jpg
OCSUPREME,Shasta White,http://www.owenscorning.com/NetworkShare/Roofing/Images/ForOC-Carousel-Supreme-ShastaWhite-620x388.jpg
OCOAKRIDGE,Aged Cedar,http://www.owenscorning.com/NetworkShare/Roofing/Images/ForOC-Carousel-Oakridge-Artisan-AgedCedar-620x388.jpg
OCOAKRIDGE,Amber,http://www.owenscorning.com/NetworkShare/Roofing/Images/ForOC-Carousel-Oakridge-Traditional-Amber-620x388.jpg
OCOAKRIDGE,Black Walnut,http://www.owenscorning.com/NetworkShare/Roofing/Images/ForOC-Carousel-Oakridge-Artisan-BlackWalnut-620x388.jpg
OCOAKRIDGE,Brownwood,http://www.owenscorning.com/NetworkShare/Roofing/Images/ForOC-Carousel-Oakridge-Traditional-Brownwood-620x388.jpg
OCOAKRIDGE,Desert Tan,http://www.owenscorning.com/NetworkShare/Roofing/Images/ForOC-Carousel-Oakridge-Traditional-DesertTan-620x388.jpg
OCOAKRIDGE,Driftwood,http://www.owenscorning.com/NetworkShare/Roofing/Images/ForOC-Carousel-Oakridge-Traditional-Driftwood-620x388.jpg
OCOAKRIDGE,Estate Grey,http://www.owenscorning.com/NetworkShare/Roofing/Images/ForOC-Carousel-Oakridge-Traditional-EstateGrey-620x388.jpg
OCOAKRIDGE,Flagstone,http://www.owenscorning.com/NetworkShare/Roofing/Images/ForOC-Carousel-Oakridge-Artisan-Flagstone-620x388.jpg
OCOAKRIDGE,Onyx Black,http://www.owenscorning.com/NetworkShare/Roofing/Images/ForOC-Carousel-Oakridge-Traditional-OnyxBlack-620x388.jpg
OCOAKRIDGE,Peppermill Gray,http://www.owenscorning.com/NetworkShare/Roofing/Images/ForOC-Carousel-Oakridge-Artisan-Peppermill-Gray-620x388.jpg
OCOAKRIDGE,Shasta White,http://www.owenscorning.com/NetworkShare/Roofing/Images/ForOC-Carousel-Oakridge-Traditional-ShastaWhite-620x388.jpg
OCOAKRIDGE,Sierra Gray,http://www.owenscorning.com/NetworkShare/Roofing/Images/ForOC-Carousel-Oakridge-Traditional-SierraGray-620x388.jpg
OCOAKRIDGE,Teak,http://www.owenscorning.com/NetworkShare/Roofing/Images/ForOC-Carousel-Oakridge-Traditional-Teak-620x388.jpg
OCOAKRIDGE,Twilight Black,http://www.owenscorning.com/NetworkShare/Roofing/Images/ForOC-Carousel-Oakridge-Artisan-Twilight-620x388.jpg
OCOAKRIDGE,Sand Castle,http://www.owenscorning.com/NetworkShare/Roofing/Images/ForOC-Carousel-Oakridge-Artisan-Sandcastle-620x388.jpg
OCOAKRIDGE,Chateau Green,http://www.owenscorning.com/NetworkShare/Roofing/Images/ForOC-Carousel-Oakridge-Traditional-ChateauGreen-620x388.jpg
OCOAKRIDGE,Oyster Shell,http://images.lowes.com/product/converted/047563/047563015584.jpg
OCOAKRIDGE,Beachwood Sand,http://homecenter-assets.owenscorning.com/static/v35/img/roofing/product/350x350/sh_oakridge_beachwood-sand.jpg
OCOAKRIDGE,Quarry Gray,http://images.lowes.com/product/converted/047563/047563007626.jpg
OCOAKRIDGE,Williamsburg Gray,http://homecenter-assets.owenscorning.com/static/v35/img/roofing/product/350x350/SH_oakridge_williamsburg-gray.jpg
OCOAKRIDGE,Antique Silver,http://homecenter-assets.owenscorning.com/static/v35/img/roofing/product/350x350/SH_oakridge_antique-silver.jpg
OCOAKRIDGE,Canyon Sunset,http://images.lowes.com/product/converted/047563/047563015423.jpg
OCOAKRIDGE,Woodland Path,http://www.owenscorning.com/NetworkShare/Roofing/Images/ForOC-Carousel-Oakridge-Artisan-WoodlandPath-620x388.jpg
OCTruDefDuration,Amber,http://www.owenscorning.com/NetworkShare/Roofing/Images/ForOC-Carousel-TruDefDuration-Amber-620x388.jpg
OCTruDefDuration,Brownwood,http://www.owenscorning.com/NetworkShare/Roofing/Images/ForOC-Carousel-TruDefDuration-Brownwood-620x388.jpg
OCTruDefDuration,Chateau Green,http://www.owenscorning.com/NetworkShare/Roofing/Images/ForOC-Carousel-TruDefDuration-ChateauGreen-620x388.jpg
OCTruDefDuration,Desert Tan,http://www.owenscorning.com/NetworkShare/Roofing/Images/ForOC-Carousel-TruDefDuration-DesertTan-620x388.jpg
OCTruDefDuration,Driftwood,http://www.owenscorning.com/NetworkShare/Roofing/Images/ForOC-Carousel-TruDefDurationStorm-Driftwood-620x388.jpg
OCTruDefDuration,Estate Gray,http://www.owenscorning.com/NetworkShare/Roofing/Images/ForOC-Carousel-TruDefDuration-EstateGray-620x388.jpg
OCTruDefDuration,Harbor Blue,http://www.owenscorning.com/NetworkShare/Roofing/Images/ForOC-Carousel-TruDefDuration-HarborBlue-620x388.jpg
OCTruDefDuration,Onyx Black,http://www.owenscorning.com/NetworkShare/Roofing/Images/ForOC-Carousel-TruDefDuration-OnyxBlack-620x388.jpg
OCTruDefDuration,Quarry Gray,http://www.owenscorning.com/NetworkShare/Roofing/Images/ForOC-Carousel-TruDefDuration-QuarryGray-620x388.jpg
OCTruDefDuration,Shasta White,http://www.owenscorning.com/NetworkShare/Roofing/Images/ForOC-Carousel-TruDefDuration-ShastaWhite-620x388.jpg
OCTruDefDuration,Sierra Grey,http://www.owenscorning.com/NetworkShare/Roofing/Images/ForOC-Carousel-TruDefDuration-SierraGrey-620x388.jpg
OCTruDefDuration,Teak,http://www.owenscorning.com/NetworkShare/Roofing/Images/ForOC-Carousel-TruDefDuration-Teak-620x388.jpg
OCTruDefDuration,Terra Cotta,http://www.owenscorning.com/NetworkShare/Roofing/Images/ForOC-Carousel-TruDefDuration-Terracotta-620x388.jpg
OCTruDefDurationDesigner,Aged Copper,http://www.owenscorning.com/NetworkShare/Roofing/Images/ForOC-Carousel-TruDefDurationDesigner-AgedCopper-620x388.jpg
OCTruDefDurationDesigner,Merlot,http://www.owenscorning.com/NetworkShare/Roofing/Images/ForOC-Carousel-TruDefDurationDesigner-Merlot-620x388.jpg
OCTruDefDurationDesigner,Pacific Wave,http://www.owenscorning.com/NetworkShare/Roofing/Images/ForOC-Carousel-TruDefDurationDesigner-PacificWave-620x388.jpg
OCTruDefDurationDesigner,Sand Dune,http://www.owenscorning.com/NetworkShare/Roofing/Images/ForOC-Carousel-TruDefDurationDesigner-SandDune-620x388.jpg
OCTruDefDurationDesigner,Sedona Canyon,http://www.owenscorning.com/NetworkShare/Roofing/Images/ForOC-Carousel-TruDefDurationDesigner-SedonaCanyon-620x388.jpg
OCTruDefDurationDesigner,Storm Cloud,http://www.owenscorning.com/NetworkShare/Roofing/Images/ForOC-Carousel-TruDefDurationDesigner-StormCloud-620x388.jpg
OCTruDefDurationDesigner,Summer Harvest,http://www.owenscorning.com/NetworkShare/Roofing/Images/ForOC-Carousel-TruDefDurationDesigner-SummerHarvest-620x388.jpg
OCDurationPremiumCool,Frosted Oak,http://www.owenscorning.com/NetworkShare/Roofing/Images/ForOC-Carousel-Duration-PremiumCool-FrostedOak-620x388.jpg
OCDurationPremiumCool,Harbor Fog,http://www.owenscorning.com/NetworkShare/Roofing/Images/ForOC-Carousel-Duration-PremiumCool-HarborFog-620x388.jpg
OCDurationPremiumCool,Sage,http://www.owenscorning.com/NetworkShare/Roofing/Images/ForOC-Carousel-Duration-PremiumCool-Sage-620x388.jpg
OCDurationPremiumCool,Sunrise,http://www.owenscorning.com/NetworkShare/Roofing/Images/ForOC-Carousel-Duration-PremiumCool-Sunrise-620x388.jpg
OCBerkshire,Canterbury Black,http://www.owenscorning.com/NetworkShare/Roofing/Images/ForOC-Carousel-Berkshire-CanterburyBlack-620x388.jpg
OCBerkshire,Colonial,http://www.owenscorning.com/NetworkShare/Roofing/Images/ForOC-Carousel-Berkshire-Colonial-620x388.jpg
OCBerkshire,Concord,http://www.owenscorning.com/NetworkShare/Roofing/Images/ForOC-Carousel-Berkshire-Concord-620x388.jpg
OCBerkshire,Manchester Gray,http://www.owenscorning.com/NetworkShare/Roofing/Images/ForOC-Carousel-Berkshire-ManchesterGray-620x388.jpg
OCBerkshire,Sherwood Beige,http://www.owenscorning.com/NetworkShare/Roofing/Images/ForOC-Carousel-Berkshire-SherwoodBeige-620x388.jpg
OCWoodcrest,Autumn Maple,http://www.owenscorning.com/NetworkShare/Roofing/Images/ForOC-Carousel-WoodmoorWoodcrest-AutumnMaple-620x388.jpg
OCWoodcrest,Carbon,http://www.owenscorning.com/NetworkShare/Roofing/Images/ForOC-Carousel-WoodmoorWoodcrest-Carbon-620x388.jpg
OCWoodcrest,Chestnut,http://www.owenscorning.com/NetworkShare/Roofing/Images/ForOC-Carousel-WoodmoorWoodcrest-Chestnut-620x388.jpg
OCWoodcrest,Granite,http://www.owenscorning.com/NetworkShare/Roofing/Images/ForOC-Carousel-WoodmoorWoodcrest-Granite-620x388.jpg
OCWoodcrest,Juniper,http://www.owenscorning.com/NetworkShare/Roofing/Images/ForOC-Carousel-WoodmoorWoodcrest-Juniper-620x388.jpg
OCWoodcrest,Mesquite,http://www.owenscorning.com/NetworkShare/Roofing/Images/ForOC-Carousel-WoodmoorWoodcrest-Mesquite-620x388.jpg
OCWoodcrest,Sycamore,http://www.owenscorning.com/NetworkShare/Roofing/Images/ForOC-Carousel-WoodmoorWoodcrest-Sycamore-620x388.jpg
OCWoodcrest,Timber,http://www.owenscorning.com/NetworkShare/Roofing/Images/ForOC-Carousel-WoodmoorWoodcrest-Timber-620x388.jpg
OCWoodmoor,Autumn Maple,http://www.owenscorning.com/NetworkShare/Roofing/Images/ForOC-Carousel-WoodmoorWoodcrest-AutumnMaple-620x388.jpg
OCWoodmoor,Carbon,http://www.owenscorning.com/NetworkShare/Roofing/Images/ForOC-Carousel-WoodmoorWoodcrest-Carbon-620x388.jpg
OCWoodmoor,Chestnut,http://www.owenscorning.com/NetworkShare/Roofing/Images/ForOC-Carousel-WoodmoorWoodcrest-Chestnut-620x388.jpg
OCWoodmoor,Granite,http://www.owenscorning.com/NetworkShare/Roofing/Images/ForOC-Carousel-WoodmoorWoodcrest-Granite-620x388.jpg
OCWoodmoor,Juniper,http://www.owenscorning.com/NetworkShare/Roofing/Images/ForOC-Carousel-WoodmoorWoodcrest-Juniper-620x388.jpg
OCWoodmoor,Mesquite,http://www.owenscorning.com/NetworkShare/Roofing/Images/ForOC-Carousel-WoodmoorWoodcrest-Mesquite-620x388.jpg
OCWoodmoor,Sycamore,http://www.owenscorning.com/NetworkShare/Roofing/Images/ForOC-Carousel-WoodmoorWoodcrest-Sycamore-620x388.jpg
OCWoodmoor,Timber,http://www.owenscorning.com/NetworkShare/Roofing/Images/ForOC-Carousel-WoodmoorWoodcrest-Timber-620x388.jpg
OCTruDefDurationSTORM,Antique Silver,http://www.owenscorning.com/NetworkShare/Roofing/Images/ForOC-Carousel-TruDefDurationStorm-AntiqueSilver-620x388.jpg
OCTruDefDurationSTORM,Brownwood,http://www.owenscorning.com/NetworkShare/Roofing/Images/ForOC-Carousel-TruDefDurationStorm-Brownwood-620x388.jpg
OCTruDefDurationSTORM,Desert Tan,http://www.owenscorning.com/NetworkShare/Roofing/Images/ForOC-Carousel-TruDefDurationStorm-DesertTan-620x388.jpg
OCTruDefDurationSTORM,Driftwood,http://www.owenscorning.com/NetworkShare/Roofing/Images/ForOC-Carousel-TruDefDurationStorm-Driftwood-620x388.jpg
OCTruDefDurationSTORM,Estate Gray,http://www.owenscorning.com/NetworkShare/Roofing/Images/ForOC-Carousel-TruDefDurationStorm-EstateGray-620x388.jpg
OCTruDefDurationSTORM,Onyx Black,http://www.owenscorning.com/NetworkShare/Roofing/Images/ForOC-Carousel-TruDefDurationStorm-OnyxBlack-620x388.jpg
OCTruDefDurationSTORM,Teak,http://www.owenscorning.com/NetworkShare/Roofing/Images/ForOC-Carousel-TruDefDurationStorm-Teak-620x388.jpg
OCWeatherLocFlex,,http://www.owenscorning.com/NetworkShare/Roofing/Images/ForOC.com_OC_WL_Flex_Concord_beautyshot_107.jpg
OCWeatherLockGranulated1SQ,,http://www.owenscorning.com/NetworkShare/Roofing/Images/ForOC.comOC_RF_WL_MAT_UU_910.jpg
OCWeatherLockGranulated2SQ,,http://www.owenscorning.com/NetworkShare/Roofing/Images/ForOC.comOC_RF_WL_MAT_UU_910.jpg
OCWeatherLockTile,,http://www.owenscorning.com/NetworkShare/Roofing/Images/ForOC.com_OC_WL_Tile_SpanTile_Illus_productshot_126-(800x800).jpg
OCDeckDefense5SQ,,http://www.owenscorning.com/NetworkShare/Roofing/Images/ForOC.com_OC_RF_DeckDefense02_beautyshot_98.jpg
OCDeckDefense10SQ,,http://www.owenscorning.com/NetworkShare/Roofing/Images/ForOC.com_OC_RF_DeckDefense02_beautyshot_98.jpg
OCFeltUnderlayment,,http://www.owenscorning.com/NetworkShare/Roofing/Images/FOR_OC.COM_ONLY_OC_8_RF_Underlayment2_UU_048-WR.jpg
OCProArmor,,http://www.owenscorning.com/uploadedImages/DMS/Roofing/Images/For-OC-ProArmor-Image-Install-600x352.jpg
OCStarterStrip,,http://www.owenscorning.com/NetworkShare/Roofing/Images/ForOC.com_OC_RF_StartStrp_outline_productshot_109-(800x346).jpg
OCSUPREME,Canyon Red,http://images.lowes.com/product/converted/047563/047563007718lg.jpg
OCSUPREME,Chapel Gray,http://roofingca.owenscorning.com/images/shingles/zoom/oc06709.jpg
OCSUPREME,Spanish Red,http://roofingca.owenscorning.com/images/shingles/zoom/oc06715.jpg
OCSUPREME,Weathered Wood,http://roofingca.owenscorning.com/images/shingles/zoom/oc06717.jpg
OCSUPREME,Forest Green,http://roofingca.owenscorning.com/images/shingles/zoom/oc06814.jpg
OCSUPREME,Oxford Gray,http://roofingca.owenscorning.com/images/shingles/zoom/oc06833.jpg
OCSUPREME,Williamsburg Gray,http://roofingca.owenscorning.com/images/shingles/zoom/oc06835.jpg
OCSUPREME,Teak,http://roofingca.owenscorning.com/images/shingles/zoom/oc06836.jpg
OCSUPREME,Beachwood Sand,http://roofingca.owenscorning.com/images/shingles/zoom/oc06837.jpg
OCSUPREME,Antique Silver,http://roofingca.owenscorning.com/images/shingles/zoom/oc06847.jpg
OCSUPREME,Colonial Slate,http://roofingca.owenscorning.com/images/shingles/zoom/oc08878.jpg
OCSUPREME,Bark Brown,http://roofingca.owenscorning.com/professional/shingles/comparison.aspx#
OCSUPREME,Chateau Green,http://roofingca.owenscorning.com/professional/shingles/comparison.aspx#
OCSUPREME,Surf Green,http://www.materials-world.com/shingles/owens_corning/Supreme/images/Supreme-AR-Surf%20Green.jpg
OCDeckSealSASBSCap,Brownwood,http://www.owenscorning.com/NetworkShare/Roofing/Images/For_OCcom_Img_656_DeckSeal_Beauty_Shot_452x452.jpg
OCDeckSealSASBSCap,Desert Tan,http://www.owenscorning.com/NetworkShare/Roofing/Images/For_OCcom_Img_656_DeckSeal_Beauty_Shot_452x452.jpg
OCDeckSealSASBSCap,Driftwood,http://www.owenscorning.com/NetworkShare/Roofing/Images/For_OCcom_Img_656_DeckSeal_Beauty_Shot_452x452.jpg
OCDeckSealSASBSCap,Estate Gray,http://www.owenscorning.com/NetworkShare/Roofing/Images/For_OCcom_Img_656_DeckSeal_Beauty_Shot_452x452.jpg
OCDeckSealSASBSCap,Onyx Black,http://www.owenscorning.com/NetworkShare/Roofing/Images/For_OCcom_Img_656_DeckSeal_Beauty_Shot_452x452.jpg
OCDeckSealSASBSCap,Shasta White,http://www.owenscorning.com/NetworkShare/Roofing/Images/For_OCcom_Img_656_DeckSeal_Beauty_Shot_452x452.jpg
OCDeckSealSABase,,http://www.owenscorning.com/NetworkShare/Roofing/Images/For_OCcom_Img_656_DeckSeal_Beauty_Shot_452x452.jpg
OCDeckSealMANailBase,,http://www.owenscorning.com/NetworkShare/Roofing/Images/For_OCcom_Img_656_DeckSeal_Beauty_Shot_452x452.jpg
OCWeatherLockMat1SQ,,http://www.owenscorning.com/NetworkShare/Roofing/Images/ForOC.com_OC_RF_WL_MAT_UU_910_130-(800x617).jpg
OCWeatherLockMat2SQ,,http://www.owenscorning.com/NetworkShare/Roofing/Images/ForOC.com_OC_RF_WL_MAT_UU_910_130-(800x617).jpg
OCWeatherLockCold,,http://www.owenscorning.com/NetworkShare/Roofing/Images/ForOC.comRA_WL_Cold-Climate_ver_1-WR.jpg
OCMineralSurfacedRoll,Onyx Black,http://homecenter-assets.owenscorning.com/static/v35/img/roofing/product/350x350/SH_rolled-roofing_onyx-black.jpg
OCMineralSurfacedRoll,Shasta White,http://homecenter-assets.owenscorning.com/static/v35/img/roofing/product/350x350/SH_rolled-roofing_shasta-white.jpg
OCMineralSurfacedRoll,Desert Tan,http://homecenter-assets.owenscorning.com/static/v35/img/roofing/product/350x350/SH_rolled-roofing_desert-tan.jpg
OCMineralSurfacedRoll,Autumn Brown,http://homecenter-assets.owenscorning.com/static/v35/img/roofing/product/350x350/SH_rolled-roofing_driftwood.jpg
OCWoodStart,Autum,http://www.owenscorning.com/NetworkShare/Roofing/Images/FOR_OC.COM_ONLY_OC_WS_StartStripPack_cutout.jpg
OCWoodStart,Carbon,http://www.owenscorning.com/NetworkShare/Roofing/Images/FOR_OC.COM_ONLY_OC_WS_StartStripPack_cutout.jpg
OCWoodStart,Chestnut,http://www.owenscorning.com/NetworkShare/Roofing/Images/FOR_OC.COM_ONLY_OC_WS_StartStripPack_cutout.jpg
OCWoodStart,Granite,http://www.owenscorning.com/NetworkShare/Roofing/Images/FOR_OC.COM_ONLY_OC_WS_StartStripPack_cutout.jpg
OCWoodStart,Juniper,http://www.owenscorning.com/NetworkShare/Roofing/Images/FOR_OC.COM_ONLY_OC_WS_StartStripPack_cutout.jpg
OCWoodStart,Mesquite,http://www.owenscorning.com/NetworkShare/Roofing/Images/FOR_OC.COM_ONLY_OC_WS_StartStripPack_cutout.jpg
OCWoodStart,Sycamore,http://www.owenscorning.com/NetworkShare/Roofing/Images/FOR_OC.COM_ONLY_OC_WS_StartStripPack_cutout.jpg
OCWoodStart,Timber,http://www.owenscorning.com/NetworkShare/Roofing/Images/FOR_OC.COM_ONLY_OC_WS_StartStripPack_cutout.jpg
OCClassicShingles,Autumn Brown,http://www.owenscorning.eu/images/shingles/zoom/classic-autumnbrown.jpg
OCClassicShingles,Desert Tan,http://www.owenscorning.eu/images/shingles/zoom/classic-deserttan.jpg
OCClassicShingles,Estate Gray,http://www.owenscorning.eu/images/shingles/zoom/classic-estategray.jpg
OCClassicShingles,Onyx Black,http://www.owenscorning.eu/images/shingles/zoom/classic-onyxblack.jpg
OCClassicShingles,Driftwood,http://images.lowes.com/product/converted/047563/047563000177.jpg
OCClassicShingles,Aspen Gray,
OCClassicShingles,Amber,
OCBerkshireHipRidge,Sherwood Beige,http://www.owenscorning.com/NetworkShare/Roofing/Images/FOR_OC.COM_ONLY_berkshire_hipandridge_451.jpg
OCBerkshireHipRidge,Manchester Gray,http://www.owenscorning.com/NetworkShare/Roofing/Images/FOR_OC.COM_ONLY_berkshire_hipandridge_451.jpg
OCBerkshireHipRidge,Concord,http://www.owenscorning.com/NetworkShare/Roofing/Images/FOR_OC.COM_ONLY_berkshire_hipandridge_451.jpg
OCBerkshireHipRidge,Colonial,http://www.owenscorning.com/NetworkShare/Roofing/Images/FOR_OC.COM_ONLY_berkshire_hipandridge_451.jpg
OCBerkshireHipRidge,Canterbury Black,http://www.owenscorning.com/NetworkShare/Roofing/Images/FOR_OC.COM_ONLY_berkshire_hipandridge_451.jpg
OCDevonshire,Castle,http://www.owenscorning.com/NetworkShare/Roofing/Images/FOR_COLOR_CAROUSEL_Devonshire_Shingle_Swatch_Castle_620x388.jpg
OCDevonshire,Hearth,http://www.owenscorning.com/NetworkShare/Roofing/Images/FOR_COLOR_CAROUSEL_Devonshire_Shingle_Swatch_Hearth_620x388.jpg
OCDevonshire,Seaside Cliff,http://www.owenscorning.com/NetworkShare/Roofing/Images/FOR_COLOR_CAROUSEL_Devonshire_Shingle_Swatch_Seaside_Cliff_620x388.jpg
OCDevonshire,Tudor,http://www.owenscorning.com/NetworkShare/Roofing/Images/FOR_COLOR_CAROUSEL_Devonshire_Shingle_Swatch_Tudor_130x82.jpg
OCTruDefOakridge,Brownwood,http://www.owenscorning.com/NetworkShare/Roofing/Images/ForOC-Carousel-TruDefOak-Brownwood-620x388.jpg
OCTruDefOakridge,Desert Tan,http://www.owenscorning.com/NetworkShare/Roofing/Images/ForOC-Carousel-TruDefOak-DesertTan-620x388.jpg
OCTruDefOakridge,Driftwood,http://www.owenscorning.com/NetworkShare/Roofing/Images/ForOC-Carousel-TruDefOak-Driftwood-620x388.jpg
OCTruDefOakridge,Estate Gray,http://www.owenscorning.com/NetworkShare/Roofing/Images/ForOC-Carousel-TruDefOak-EstateGray-620x388.jpg
OCTruDefOakridge,Onyx Black,http://www.owenscorning.com/NetworkShare/Roofing/Images/ForOC-Carousel-TruDefOak-OnyxBlack-620x388.jpg
OCTruDefOakridge,Teak,http://www.owenscorning.com/NetworkShare/Roofing/Images/ForOC-Carousel-TruDefOak-Teak-620x388.jpg
OCTruDefOakridge,Shasta White,http://homecenter-assets.owenscorning.com/static/v35/img/roofing/product/350x350/sh_TruDefinition-duration_shasta-white.jpg
OCTruDefOakridge,Chateau Green,http://homecenter-assets.owenscorning.com/static/v35/img/roofing/product/350x350/sh_TruDefinition-duration_chateau-green.jpg
OCTruDefOakridge,Williamsburg Gray,http://homecenter-assets.owenscorning.com/static/v35/img/roofing/product/350x350/sh_TruDefinition-duration_williamsburg-gray.jpg
OCTruDefOakridge,Twilight Black,http://homecenter-assets.owenscorning.com/static/v35/img/roofing/product/350x350/sh_TruDefinition-duration_twilightblack.jpg
OCTruDefOakridge,Peppermill Gray,http://homecenter-assets.owenscorning.com/static/v35/img/roofing/product/350x350/sh_TruDefinition-duration_peppermillgray.jpg
OCTruDefOakridge,Flagstone,http://homecenter-assets.owenscorning.com/static/v35/img/roofing/product/350x350/sh_TruDefinition-duration_flagstone.jpg
OCWeatherGuardHipandRidge,Antique Silver,http://homecenter-assets.owenscorning.com/static/v35/img/roofing/product/350x350/sh_weatherguard-hp_antique_silver.jpg
OCWeatherGuardHipandRidge,Brownwood,http://homecenter-assets.owenscorning.com/static/v35/img/roofing/product/350x350/sh_weatherguard-hp_brownwood.jpg
OCWeatherGuardHipandRidge,Desert Tan,http://homecenter-assets.owenscorning.com/static/v35/img/roofing/product/350x350/sh_weatherguard-hp_desert-tan.jpg
OCWeatherGuardHipandRidge,Driftwood,http://homecenter-assets.owenscorning.com/static/v35/img/roofing/product/350x350/sh_weatherguard-hp_driftwood.jpg
OCWeatherGuardHipandRidge,Estate Gray,http://homecenter-assets.owenscorning.com/static/v35/img/roofing/product/350x350/sh_weatherguard-hp_estate-gray.jpg
OCWeatherGuardHipandRidge,Onyx Black,http://homecenter-assets.owenscorning.com/static/v35/img/roofing/product/350x350/sh_weatherguard-hp_onyx-black.jpg
OCWeatherGuardHipandRidge,Teak,http://homecenter-assets.owenscorning.com/static/v35/img/roofing/product/350x350/sh_duration-premium_teak.jpg
OCWEATHERGUARDTRUDEF,Antique Silver,http://www.owenscorning.com/NetworkShare/Roofing/Images/ForOC-Carousel-TruDeWeatherGuard-AntiqueSilver-620x388.jpg
OCWEATHERGUARDTRUDEF,Brownwood,http://www.owenscorning.com/NetworkShare/Roofing/Images/ForOC-Carousel-TruDeWeatherGuard-Brownwood-620x388.jpg
OCWEATHERGUARDTRUDEF,Desert Tan,http://www.owenscorning.com/NetworkShare/Roofing/Images/ForOC-Carousel-TruDeWeatherGuard-DesertTan-620x388.jpg
OCWEATHERGUARDTRUDEF,Driftwood,http://www.owenscorning.com/NetworkShare/Roofing/Images/ForOC-Carousel-TruDeWeatherGuard-Driftwood-620x388.jpg
OCWEATHERGUARDTRUDEF,Estate Gray,http://www.owenscorning.com/NetworkShare/Roofing/Images/ForOC-Carousel-TruDeWeatherGuard-EstateGray-620x388.jpg
OCWEATHERGUARDTRUDEF,Onyx Black,http://www.owenscorning.com/NetworkShare/Roofing/Images/ForOC-Carousel-TruDeWeatherGuard-OnyxBlack-620x388.jpg
OCWEATHERGUARDTRUDEF,Teak,http://www.owenscorning.com/NetworkShare/Roofing/Images/ForOC-Carousel-TruDeWeatherGuard-Teak-620x388.jpg
OCTruDefinitionDurationMAX,Carbon,http://www.owenscorning.com/NetworkShare/Roofing/Images/ForOC-Carousel-TruDefDurationMAX-Carbon-620x388.jpg
OCTruDefinitionDurationMAX,Granite,http://www.owenscorning.com/NetworkShare/Roofing/Images/ForOC-Carousel-TruDefDurationMAX-Granite-620x388.jpg
OCTruDefinitionDurationMAX,Mahogany,http://www.owenscorning.com/NetworkShare/Roofing/Images/ForOC-Carousel-TruDefDurationMAX-Mahogany-620x388.jpg
OCTruDefinitionDurationMAX,Mesquite,http://www.owenscorning.com/NetworkShare/Roofing/Images/ForOC-Carousel-TruDefDurationMAX-Mesquite-620x388.jpg
OCTruDefinitionDurationMAX,Smokey Mountain,http://www.owenscorning.com/NetworkShare/Roofing/Images/ForOC-Carousel-TruDefDurationMAX-SmokeyMountain-620x388.jpg
OCTruDefinitionDurationMAX,Sycamore,http://www.owenscorning.com/NetworkShare/Roofing/Images/ForOC-Carousel-TruDefDurationMAX-Sycamore-620x388.jpg
OCDURATIONPREMIUM,Brownwood,http://www.owenscorning.com/NetworkShare/Roofing/Images/ForOC-Carousel-Duration-Premium-Brownwood-620x388.jpg
OCDURATIONPREMIUM,Desert Tan,http://www.owenscorning.com/NetworkShare/Roofing/Images/ForOC-Carousel-Duration-Premium-DesertTan-620x388.jpg
OCDURATIONPREMIUM,Driftwood,http://www.owenscorning.com/NetworkShare/Roofing/Images/ForOC-Carousel-Duration-Premium-Driftwood-620x388.jpg
OCDURATIONPREMIUM,Estate Gray,http://www.owenscorning.com/NetworkShare/Roofing/Images/ForOC-Carousel-Duration-Premium-EstateGrey-620x388.jpg
OCDURATIONPREMIUM,Onyx Black,http://www.owenscorning.com/NetworkShare/Roofing/Images/ForOC-Carousel-Duration-Premium-OnyxBlack-620x388.jpg
OCDURATIONPREMIUM,Teak,http://www.owenscorning.com/NetworkShare/Roofing/Images/ForOC-Carousel-Duration-Premium-Teak-620x388.jpg
OCDURATIONPREMIUM,Aged Copper,http://images.lowes.com/product/converted/047563/047563011548.jpg
OCDURATIONPREMIUM,Terra Cotta,http://images.lowes.com/product/converted/047563/047563009132.jpg
OCDURATIONPREMIUM,Sierra Grey,http://images.lowes.com/product/converted/047563/047563009118.jpg
OCDURATIONPREMIUM,Amber,http://images.lowes.com/product/converted/047563/047563013733.jpg
OCDURATIONPREMIUM,Chateau Green,http://homecenter-assets.owenscorning.com/static/v35/img/roofing/product/350x350/sh_TruDefinition-duration_chateau-green.jpg
OCDURATIONPREMIUM,Harbor Blue,http://homecenter-assets.owenscorning.com/static/v35/img/roofing/product/350x350/sh_TruDefinition-duration_harbor-blue.jpg
OCDURATIONPREMIUM,Quarry Gray,http://homecenter-assets.owenscorning.com/static/v35/img/roofing/product/350x350/sh_TruDefinition-duration_quarry-gray.jpg
OCDURATIONPREMIUM,Shasta White,http://homecenter-assets.owenscorning.com/static/v35/img/roofing/product/350x350/sh_TruDefinition-duration_shasta-white.jpg
OCDURATIONPREMIUM,Merlot,http://homecenter-assets.owenscorning.com/static/v35/img/roofing/product/350x350/sh_TruDefinition-duration-designer_merlot.jpg
OCDURATIONPREMIUM,Sedona Canyon,http://homecenter-assets.owenscorning.com/static/v35/img/roofing/product/350x350/sh_TruDefinition-duration-designer_sedona-canyon.jpg
OCDURATIONPREMIUM,Storm Cloud,http://homecenter-assets.owenscorning.com/static/v35/img/roofing/product/350x350/sh_TruDefinition-duration-designer_storm-cloud.jpg
OCDURATIONPREMIUM,Summer Harvest,http://homecenter-assets.owenscorning.com/static/v35/img/roofing/product/350x350/sh_TruDefinition-duration-designer_summer-harvest.jpg
OCDURATIONPREMIUM,Sand Dune,http://www.owenscorning.com/NetworkShare/Roofing/Images/ForOC-Carousel-TruDefDurationDesigner-SandDune-620x388.jpg
OCDURATIONPREMIUM,Antique Silver,http://www.owenscorning.com/NetworkShare/Roofing/Images/ForOC-Carousel-TruDefDurationStorm-AntiqueSilver-620x388.jpg
OCDURATIONPREMIUM,Colonial Slate,http://homecenter-assets.owenscorning.com/static/v35/img/roofing/product/350x350/sh_TruDefinition-duration_colonial-slate.jpg
OCDURATIONPREMIUM,Slatestone Gray,http://homecenter-assets.owenscorning.com/static/v35/img/roofing/product/350x350/sh_TruDefinition-duration_slatestone-gray.jpg
"OCDecoRidgeHipnandRidge-8""",Terra Cotta,http://homecenter-assets.owenscorning.com/static/v35/img/roofing/product/350x350/hr_decoridge_duration-premium_terra-cotta.jpg
"OCDecoRidgeHipnandRidge-8""",Teak,http://homecenter-assets.owenscorning.com/static/v35/img/roofing/product/350x350/hr_decoridge_duration-premium_teak.jpg
"OCDecoRidgeHipnandRidgeCool-8""",Sunrise,http://homecenter-assets.owenscorning.com/static/v35/img/roofing/product/350x350/hr_decoridge_cool_sunrise.jpg
"OCDecoRidgeHipnandRidge-8""",Summer Harvest,http://homecenter-assets.owenscorning.com/static/v35/img/roofing/product/350x350/hr_decoridge_designer-series_summer-harvest.jpg
"OCDecoRidgeHipnandRidge-8""",Storm Cloud,http://homecenter-assets.owenscorning.com/static/v35/img/roofing/product/350x350/hr_decoridge_designer-series_stormcloud.jpg
"OCDecoRidgeHipnandRidge-8""",Sierra Gray,http://homecenter-assets.owenscorning.com/static/v35/img/roofing/product/350x350/hr_decoridge_duration-premium_sierra-gray.jpg
"OCDecoRidgeHipnandRidge-8""",Shasta White,http://homecenter-assets.owenscorning.com/static/v35/img/roofing/product/350x350/hr_decoridge_duration-premium_shasta-white.jpg
"OCDecoRidgeHipnandRidge-8""",Sedona Canyon,http://homecenter-assets.owenscorning.com/static/v35/img/roofing/product/350x350/hr_decoridge_designer-series_sedona-canyon.jpg
"OCDecoRidgeHipnandRidge-8""",Sand Dune,http://homecenter-assets.owenscorning.com/static/v35/img/roofing/product/350x350/hr_decoridge_designer-series_sand-dune.jpg
"OCDecoRidgeHipnandRidge-8""",Chestnut,http://homecenter-assets.owenscorning.com/static/v35/img/roofing/product/350x350/hr_decoridge_woodcrest-woodmoor_chestnut.jpg
"OCDecoRidgeHipnandRidge-8""",Desert Tan,http://homecenter-assets.owenscorning.com/static/v35/img/roofing/product/350x350/hr_decoridge_duration-premium_desert-tan.jpg
"OCDecoRidgeHipnandRidge-8""",Driftwood,http://homecenter-assets.owenscorning.com/static/v35/img/roofing/product/350x350/hr_decoridge_duration-premium_driftwood.jpg
"OCDecoRidgeHipnandRidge-8""",Estate Gray,http://homecenter-assets.owenscorning.com/static/v35/img/roofing/product/350x350/hr_decoridge_duration-premium_estate-gray.jpg
"OCDecoRidgeHipnandRidgeCool-8""",Frosted Oak,http://homecenter-assets.owenscorning.com/static/v35/img/roofing/product/350x350/hr_decoridge_cool_frosted-oak.jpg
"OCDecoRidgeHipnandRidge-8""",Harbor Blue,http://homecenter-assets.owenscorning.com/static/v35/img/roofing/product/350x350/hr_decoridge_duration-premium_harbor-blue.jpg
"OCDecoRidgeHipnandRidgeCool-8""",Harbor Fog,http://homecenter-assets.owenscorning.com/static/v35/img/roofing/product/350x350/hr_decoridge_cool_harbor-fog.jpg
"OCDecoRidgeHipnandRidge-8""",Juniper,http://homecenter-assets.owenscorning.com/static/v35/img/roofing/product/350x350/hr_decoridge_woodcrest-woodmoor_juniper.jpg
"OCDecoRidgeHipnandRidge-8""",Mesquite,http://homecenter-assets.owenscorning.com/static/v35/img/roofing/product/350x350/hr_decoridge_woodcrest-woodmoor_mesquite.jpg
"OCDecoRidgeHipnandRidge-8""",Onyx Black,http://homecenter-assets.owenscorning.com/static/v35/img/roofing/product/350x350/hr_decoridge_duration-premium_onyx-black.jpg
"OCDecoRidgeHipnandRidge-8""",Quarry Gray,http://homecenter-assets.owenscorning.com/static/v35/img/roofing/product/350x350/hr_decoridge_duration-premium_quarry-gray.jpg
"OCDecoRidgeHipnandRidgeCool-8""",Sage,http://homecenter-assets.owenscorning.com/static/v35/img/roofing/product/350x350/hr_decoridge_cool_sage.jpg
"OCDecoRidgeHipnandRidge-8""",Chateau Green,http://homecenter-assets.owenscorning.com/static/v35/img/roofing/product/350x350/hr_decoridge_duration-premium_chateau-green.jpg
"OCDecoRidgeHipnandRidge-8""",Brownwood,http://homecenter-assets.owenscorning.com/static/v35/img/roofing/product/350x350/hr_decoridge_duration-premium_brownwood.jpg
"OCDecoRidgeHipnandRidge-8""",Autumn Maple,http://homecenter-assets.owenscorning.com/static/v35/img/roofing/product/350x350/hr_decoridge_woodcrest-woodmoor_autumn-maple.jpg
"OCDecoRidgeHipnandRidge-8""",Woodland Path,http://homecenter-assets.owenscorning.com/static/v35/img/roofing/product/350x350/hr_decoridge_woodlandpath.jpg
"OCDecoRidgeHipnandRidge-8""",Twilight Black,http://homecenter-assets.owenscorning.com/static/v35/img/roofing/product/350x350/hr_decoridge_twilightblack.jpg
"OCDecoRidgeHipnandRidge-8""",Sand Castle,http://homecenter-assets.owenscorning.com/static/v35/img/roofing/product/350x350/hr_decoridge_sandcastle.jpg
"OCDecoRidgeHipnandRidge-8""",Peppermill Gray,http://homecenter-assets.owenscorning.com/static/v35/img/roofing/product/350x350/hr_decoridge_peppermillgray.jpg
"OCDecoRidgeHipnandRidge-8""",Flagstone,http://homecenter-assets.owenscorning.com/static/v35/img/roofing/product/350x350/hr_decoridge_flagstone.jpg
"OCDecoRidgeHipnandRidge-8""",Aged Cedar,http://homecenter-assets.owenscorning.com/static/v35/img/roofing/product/350x350/hr_decoridge_agedcedar.jpg
"OCDecoRidgeHipnandRidge-8""",Amber,http://homecenter-assets.owenscorning.com/static/v35/img/roofing/product/350x350/hr_decoridge_duration-premium_amber.jpg
"OCDecoRidgeHipnandRidge-8""",Aged Copper,http://homecenter-assets.owenscorning.com/static/v35/img/roofing/product/350x350/hr_decoridge_designer-series_aged-copper.jpg
"OCDecoRidgeHipnandRidge-8""",Black Walnut,http://homecenter-assets.owenscorning.com/static/v35/img/roofing/product/350x350/hr_decoridge_blackwalnut.jpg
"OCDecoRidgeHipnandRidge-10""",Terra Cotta,http://homecenter-assets.owenscorning.com/static/v35/img/roofing/product/350x350/hr_decoridge_duration-premium_terra-cotta.jpg
"OCDecoRidgeHipnandRidge-10""",Teak,http://homecenter-assets.owenscorning.com/static/v35/img/roofing/product/350x350/hr_decoridge_duration-premium_teak.jpg
"OCDecoRidgeHipnandRidgeCool-10""",Sunrise,http://homecenter-assets.owenscorning.com/static/v35/img/roofing/product/350x350/hr_decoridge_cool_sunrise.jpg
"OCDecoRidgeHipnandRidge-10""",Summer Harvest,http://homecenter-assets.owenscorning.com/static/v35/img/roofing/product/350x350/hr_decoridge_designer-series_summer-harvest.jpg
"OCDecoRidgeHipnandRidge-10""",Storm Cloud,http://homecenter-assets.owenscorning.com/static/v35/img/roofing/product/350x350/hr_decoridge_designer-series_stormcloud.jpg
"OCDecoRidgeHipnandRidge-10""",Sierra Gray,http://homecenter-assets.owenscorning.com/static/v35/img/roofing/product/350x350/hr_decoridge_duration-premium_sierra-gray.jpg
"OCDecoRidgeHipnandRidge-10""",Shasta White,http://homecenter-assets.owenscorning.com/static/v35/img/roofing/product/350x350/hr_decoridge_duration-premium_shasta-white.jpg
"OCDecoRidgeHipnandRidge-10""",Sedona Canyon,http://homecenter-assets.owenscorning.com/static/v35/img/roofing/product/350x350/hr_decoridge_designer-series_sedona-canyon.jpg
"OCDecoRidgeHipnandRidge-10""",Sand Dune,http://homecenter-assets.owenscorning.com/static/v35/img/roofing/product/350x350/hr_decoridge_designer-series_sand-dune.jpg
"OCDecoRidgeHipnandRidge-10""",Chestnut,http://homecenter-assets.owenscorning.com/static/v35/img/roofing/product/350x350/hr_decoridge_woodcrest-woodmoor_chestnut.jpg
"OCDecoRidgeHipnandRidge-10""",Desert Tan,http://homecenter-assets.owenscorning.com/static/v35/img/roofing/product/350x350/hr_decoridge_duration-premium_desert-tan.jpg
"OCDecoRidgeHipnandRidge-10""",Driftwood,http://homecenter-assets.owenscorning.com/static/v35/img/roofing/product/350x350/hr_decoridge_duration-premium_driftwood.jpg
"OCDecoRidgeHipnandRidge-10""",Estate Gray,http://homecenter-assets.owenscorning.com/static/v35/img/roofing/product/350x350/hr_decoridge_duration-premium_estate-gray.jpg
"OCDecoRidgeHipnandRidgeCool-10""",Frosted Oak,http://homecenter-assets.owenscorning.com/static/v35/img/roofing/product/350x350/hr_decoridge_cool_frosted-oak.jpg
"OCDecoRidgeHipnandRidge-10""",Harbor Blue,http://homecenter-assets.owenscorning.com/static/v35/img/roofing/product/350x350/hr_decoridge_duration-premium_harbor-blue.jpg
"OCDecoRidgeHipnandRidgeCool-10""",Harbor Fog,http://homecenter-assets.owenscorning.com/static/v35/img/roofing/product/350x350/hr_decoridge_cool_harbor-fog.jpg
"OCDecoRidgeHipnandRidge-10""",Juniper,http://homecenter-assets.owenscorning.com/static/v35/img/roofing/product/350x350/hr_decoridge_woodcrest-woodmoor_juniper.jpg
"OCDecoRidgeHipnandRidge-10""",Mesquite,http://homecenter-assets.owenscorning.com/static/v35/img/roofing/product/350x350/hr_decoridge_woodcrest-woodmoor_mesquite.jpg
"OCDecoRidgeHipnandRidge-10""",Onyx Black,http://homecenter-assets.owenscorning.com/static/v35/img/roofing/product/350x350/hr_decoridge_duration-premium_onyx-black.jpg
"OCDecoRidgeHipnandRidge-10""",Quarry Gray,http://homecenter-assets.owenscorning.com/static/v35/img/roofing/product/350x350/hr_decoridge_duration-premium_quarry-gray.jpg
"OCDecoRidgeHipnandRidgeCool-10""",Sage,http://homecenter-assets.owenscorning.com/static/v35/img/roofing/product/350x350/hr_decoridge_cool_sage.jpg
"OCDecoRidgeHipnandRidge-10""",Chateau Green,http://homecenter-assets.owenscorning.com/static/v35/img/roofing/product/350x350/hr_decoridge_duration-premium_chateau-green.jpg
"OCDecoRidgeHipnandRidge-10""",Brownwood,http://homecenter-assets.owenscorning.com/static/v35/img/roofing/product/350x350/hr_decoridge_duration-premium_brownwood.jpg
"OCDecoRidgeHipnandRidge-10""",Autumn Maple,http://homecenter-assets.owenscorning.com/static/v35/img/roofing/product/350x350/hr_decoridge_woodcrest-woodmoor_autumn-maple.jpg
"OCDecoRidgeHipnandRidge-10""",Woodland Path,http://homecenter-assets.owenscorning.com/static/v35/img/roofing/product/350x350/hr_decoridge_woodlandpath.jpg
"OCDecoRidgeHipnandRidge-10""",Twilight Black,http://homecenter-assets.owenscorning.com/static/v35/img/roofing/product/350x350/hr_decoridge_twilightblack.jpg
"OCDecoRidgeHipnandRidge-10""",Sand Castle,http://homecenter-assets.owenscorning.com/static/v35/img/roofing/product/350x350/hr_decoridge_sandcastle.jpg
"OCDecoRidgeHipnandRidge-10""",Peppermill Gray,http://homecenter-assets.owenscorning.com/static/v35/img/roofing/product/350x350/hr_decoridge_peppermillgray.jpg
"OCDecoRidgeHipnandRidge-10""",Flagstone,http://homecenter-assets.owenscorning.com/static/v35/img/roofing/product/350x350/hr_decoridge_flagstone.jpg
"OCDecoRidgeHipnandRidge-10""",Aged Cedar,http://homecenter-assets.owenscorning.com/static/v35/img/roofing/product/350x350/hr_decoridge_agedcedar.jpg
"OCDecoRidgeHipnandRidge-10""",Amber,http://homecenter-assets.owenscorning.com/static/v35/img/roofing/product/350x350/hr_decoridge_duration-premium_amber.jpg
"OCDecoRidgeHipnandRidge-10""",Aged Copper,http://homecenter-assets.owenscorning.com/static/v35/img/roofing/product/350x350/hr_decoridge_designer-series_aged-copper.jpg
"OCDecoRidgeHipnandRidge-10""",Black Walnut,http://homecenter-assets.owenscorning.com/static/v35/img/roofing/product/350x350/hr_decoridge_blackwalnut.jpg
OCDuraRidgeHipandRidge,,http://www.owenscorning.com/NetworkShare/Roofing/Images/ForOCcomDuraRidge%E2%84%A2-Hip-and-Ridge-Shingle-Beauty-Shot-meadow620x388.jpg
OCProEdgeHipandRidge,,http://www.owenscorning.com/NetworkShare/Roofing/Images/ForOC.comOC_RF_ProEdge_small.jpg
OCProEdgeStormHipandRidge,,http://www.owenscorning.com/NetworkShare/Roofing/Images/ForOC.comOC_RF_ProEdge_small.jpg
OCVentSureSolarAtticExhaustFan,,http://www.owenscorning.com/NetworkShare/Roofing/Images/FOR_OC.COM_RA_SolarAttic_3-4S-profile-4_489-(800x534).jpg
OCVentSure 4-Foot Strip,,http://www.owenscorning.com/NetworkShare/Roofing/Images/ForOC.com_OC_VS_rigidvent_box_UU_019_407-(800x310).jpg
OCVentSure 4-Foot Strip Wide,,http://www.owenscorning.com/NetworkShare/Roofing/Images/ForOC.com_OC_VS_rigidvent_box_UU_019_407-(800x310).jpg
OCVentSureRidgeCat,,http://www.owenscorning.com/uploadedImages/DMS/Roofing/Images/ForOC.com-RidgeCatRoll-img_652-600x350.jpg
OCVentSureInFlowVent,,http://www.owenscorning.com/NetworkShare/Roofing/Images/For_OC.com_Only_RA_Inflow_C-WR.jpg
OCPerforatedHipandRidge,Sierra Gray,http://homecenter-assets.owenscorning.com/static/v35/img/roofing/product/350x350/hr_perforated_sierra-gray.jpg
OCPerforatedHipandRidge,Quarry Gray,http://homecenter-assets.owenscorning.com/static/v35/img/roofing/product/350x350/hr_perforated_quarry-gray.jpg
OCPerforatedHipandRidge,Chateau Green,http://homecenter-assets.owenscorning.com/static/v35/img/roofing/product/350x350/hr_perforated_chateau-green.jpg
OCPerforatedHipandRidge,Autumn Brown,
OCStarterShingleRoll,,http://www.owenscorning.com/NetworkShare/Roofing/Images/ForOC.comOC_RF_StarterShingleRoll_CP_1211.jpg
OCStarterStripPlus,,http://www.owenscorning.com/NetworkShare/Roofing/Images/ForOC.com_OC_RF_StartStrpPlus_outline_productshot_108-(800x345).jpg
OCRIZERIDGEHipandRidge,,http://www.owenscorning.com/NetworkShare/Roofing/Images/FOR_OC.COM_OC_HR_RizeRdgShingle_productshot_199-(800x495).jpg
OCHighRidgeHipandRidge,,http://homecenter-assets.owenscorning.com/static/v35/img/roofing/product/350x350/hr_high-ridge_duration_driftwood.jpg
